Keyword,Title,Date,Location,Icon,Link
"13 brackets Bracket Template  Jan 4, 2080 - Jan 4, 2080 01/4/2080 - 01/4/2080",13 brackets,"Jan 4, 2080",,other,Public/Results/Tournament.aspx?IDTournament=h20140122122445525c81b11e06c7345
"14 team bracket Bracket Template  Jan 4, 2080 - Jan 4, 2080 01/4/2080 - 01/4/2080",14 team bracket,"Jan 4, 2080",,other,Public/Results/Tournament.aspx?IDTournament=h20140122125632769a1ff73fc6b9a4f
"15 team brackets Bracket Template  Jan 4, 2080 - Jan 4, 2080 01/4/2080 - 01/4/2080",15 team brackets,"Jan 4, 2080",,other,Public/Results/Tournament.aspx?IDTournament=h2014012214203939308e383bf235844
"16 Team Brackets Bracket Template  Jan 4, 2080 - Jan 4, 2080 01/4/2080 - 01/4/2080",16 Team Brackets,"Jan 4, 2080",,other,Public/Results/Tournament.aspx?IDTournament=h20140122171126926356df66dd7b142
"17 team brackets Bracket Template  Jan 4, 2080 - Jan 4, 2080 01/4/2080 - 01/4/2080",17 team brackets,"Jan 4, 2080",,other,Public/Results/Tournament.aspx?IDTournament=h201401222022128857bf7a91f72a545
"18 team brackets Bracket Template  Jan 4, 2080 - Jan 4, 2080 01/4/2080 - 01/4/2080",18 team brackets,"Jan 4, 2080",,other,Public/Results/Tournament.aspx?IDTournament=h2014012223081096059c18f14458a41
"12 Team Brackets Bracket Template  Jan 1, 2080 - Jan 1, 2080 01/1/2080 - 01/1/2080",12 Team Brackets,"Jan 1, 2080",,other,Public/Results/Tournament.aspx?IDTournament=h20140122120643897a03d3533b9f54a
"2019 Raptors Summer Lacrosse Roswell Youth lacrosse Association Roswell, GA Dec 20, 2030 - Dec 21, 2030 12/20/2030 - 12/21/2030",2019 Raptors Summer Lacrosse,"Dec 20 - 21, 2030","Roswell, GA",lacrosse,Public/Results/Tournament.aspx?IDTournament=h2019012515170175520d625bc76fa4d
"2018 Roswell Youth Lacrosse Invitational-Individual Player Registration Roswell Youth lacrosse Association Roswell, GA Dec 12, 2030 - Dec 13, 2030 12/12/2030 - 12/13/2030",2018 Roswell Youth Lacrosse Invitational-Individual Player Registration,"Dec 12 - 13, 2030","Roswell, GA",lacrosse,Public/Results/Tournament.aspx?IDTournament=h201801031822598444b07fda1f71e43
"Set Places Caching Issue Test Michael Kemp Test Ames, IA Nov 23, 2030 - Nov 24, 2030 11/23/2030 - 11/24/2030",Set Places Caching Issue Test,"Nov 23 - 24, 2030","Ames, IA",basketball,Public/Results/Tournament.aspx?IDTournament=h201811271815296989ab61690d2a648
"Auto Advance From Pool To Bracket Bug Michael Kemp Test Ames, IA Nov 2, 2030 - Nov 3, 2030 11/2/2030 - 11/3/2030",Auto Advance From Pool To Bracket Bug,"Nov 2 - 3, 2030","Ames, IA",basketball,Public/Results/Tournament.aspx?IDTournament=h201812041937174496ee3d46589f044
