Id,event_url,event_name,event_date,event_location,event_gender,logo_url,event_website,event_type,player_age_range,created_by,created_datetime
1,https://www.connectlax.com/event/3d_denver_shootout_2019,3d Denver Shootout,Jun 14-16 '19,"Commerce City, CO",Co-ed's 13-18,https://s3.amazonaws.com/connectsports-prod/pics/thumb-3081-43610.jpg,https://3dlacrosse.com/tournaments,Tournament,13 - 18,spider,20190308
2,https://www.connectlax.com/event/adrenaline_western_shootout_2019,Adrenaline Western Shootout,Jul 13-14 '19,"Colorado Springs, CO",Men's 13-18,https://s3.amazonaws.com/connectsports-prod/pics/thumb-2982-43416.jpg,https://www.adrln.com/shop/events/?event_category=events/,Tournament,13 - 18,spider,20190308
3,https://www.connectlax.com/event/adrenaline_tinseltown_throwdown_2019,Adrenaline Tinseltown Throwdown,Jul 20-21 '19,"Irvine, CA",Men's 13-18,https://s3.amazonaws.com/connectsports-prod/pics/thumb-2983-43417.jpg,https://www.adrln.com/shop/events/?event_category=events/,Tournament,13 - 18,spider,20190308
4,https://www.connectlax.com/event/3d_riptide_classic_2019,3d Riptide Classic,Jun 29-30 '19,"Irvine, CA",Co-ed's 13-18,https://s3.amazonaws.com/connectsports-prod/pics/thumb-3085-43614.jpg,https://3dlacrosse.com/tournaments,Tournament,13 - 18,spider,20190308
5,https://www.connectlax.com/event/americas_finest_rivalry_boys,Americas Finest Rivalry Boys,Jun 15-16 '19,"Del Mar, CA",Men's 13-18,https://s3.amazonaws.com/connectsports-prod/pics/thumb-2972-43407.jpg,https://www.adrln.com/shop/events/?event_category=events/,Tournament,13 - 18,spider,20190308
6,https://www.connectlax.com/event/amplify-exposure-series_2019,Amplify Exposure Series,Jul 20-21 '19,"Milwaukee, WI",Men's 13-18,https://s3.amazonaws.com/connectsports-prod/pics/thumb-3165-43722.jpg,http://www.amplifylax.com/tournaments/midwest-exposure-series/,Tournament,13 - 18,spider,20190308
7,https://www.connectlax.com/event/almost_heaven_claxic_boys,Almost Heaven Claxic Boys,Jun 8-9 '19,"Dunbar, WV",Men's 13-18,https://s3.amazonaws.com/connectsports-prod/pics/thumb-3215-43840.jpg,https://laxusa.com/almost-heaven-claxic/,Tournament,13 - 18,spider,20190308
8,https://www.connectlax.com/event/almost_heaven_claxic_girls,Almost Heaven Claxic Girls,Jun 8-9 '19,"Dunbar, WV",Women's 13-18,https://s3.amazonaws.com/connectsports-prod/pics/thumb-3216-43839.jpg,https://laxusa.com/almost-heaven-claxic/,Tournament,13 - 18,spider,20190308
9,https://www.connectlax.com/event/baltimore_summer_kickoff_session_i_2019,Baltimore Summer Kickoff Session I,Jun 8-9 '19,"Baltimore, MD",Men's 13-18,https://s3.amazonaws.com/connectsports-prod/pics/thumb--28253.jpg,http://baltimoresummerkickoff.com/,Tournament,13 - 18,spider,20190308
10,https://www.connectlax.com/event/americas_finest_rivalry_girls,Americas Finest Rivalry Girls,Jun 15-16 '19,"Del Mar, CA",Women's 13-18,https://s3.amazonaws.com/connectsports-prod/pics/thumb-2973-43408.jpg,https://www.adrln.com/shop/events/?event_category=events/,Tournament,13 - 18,spider,20190308
11,https://www.connectlax.com/event/albany_rpi_shootout,Albany RPI Shootout,Jul 19-21 '19,"Troy, NY",Men's 8-18,https://s3.amazonaws.com/connectsports-prod/pics/thumb-679-22815.jpg,https://aplc.albanypowerlacrosse.com/summershootout,Tournament,8 - 18,spider,20190308
12,https://www.connectlax.com/event/blue_ox_invitational_womens,Blue OX Invitational Womens,Jun 22-23 '19,"Stillwater, MN",Women's 13-18,https://s3.amazonaws.com/connectsports-prod/pics/thumb-3109-43677.jpg,http://www.uslaxevents.com/,Tournament,13 - 18,spider,20190308
13,https://www.connectlax.com/event/blue_ox_invitational_mens,Blue OX Invitational Mens,Jun 22-23 '19,"Stillwater, MN",Men's 13-18,https://s3.amazonaws.com/connectsports-prod/pics/thumb-3108-43676.jpg,http://www.uslaxevents.com/,Tournament,13 - 18,spider,20190308
14,https://www.connectlax.com/event/big4_summer_champions_league_2019,Big4 Summer Champions League,Jun 14-16 '19,"Pottstown, PA",Men's 13-18,https://s3.amazonaws.com/connectsports-prod/pics/thumb-3297-43900.jpg,http://big4lax.com/,Tournament,13 - 18,spider,20190308
15,https://www.connectlax.com/event/bigeasyclassic_2019,Big Easy Classic,Jun 15-16 '19,"Mandeville, LA",Men's 8-18,https://s3.amazonaws.com/connectsports-prod/pics/thumb-3052-43566.jpg,http://victoryeventseries.com/big-easy-classic/,Tournament,8 - 18,spider,20190308
16,https://www.connectlax.com/event/best_of_philly_spring_lacrosse_league_-_april,Best of Philly Spring Lacrosse League - April,Apr 28 '19,"Aston, PA",Women's 13-18,https://s3.amazonaws.com/connectsports-prod/pics/thumb-2836-43458.jpg,https://www.ultimateeventsandsports.com/events/categories/lacrosse/,League,13 - 18,spider,20190308
17,https://www.connectlax.com/event/beat_the_heat_girls,Beat the Heat Girls,May 25-26 '19,"Milton, GA",Women's 13-18,https://s3.amazonaws.com/connectsports-prod/pics/thumb-3214-43837.jpg,https://laxusa.com/beat-the-heat/,Tournament,13 - 18,spider,20190308
18,https://www.connectlax.com/event/beat_the_heat_boys,Beat the Heat Boys,May 25-26 '19,"Milton, GA",Men's 13-18,https://s3.amazonaws.com/connectsports-prod/pics/thumb-3213-43838.jpg,https://laxusa.com/beat-the-heat/,Tournament,13 - 18,spider,20190308
19,https://www.connectlax.com/event/baltimore_summer_kickoff_session_ii_2019,Baltimore Summer Kickoff Session II,Jun 15-16 '19,"Brooklandville, MD",Men's 13-18,https://s3.amazonaws.com/connectsports-prod/pics/thumb--28253.jpg,http://baltimoresummerkickoff.com/,Tournament,13 - 18,spider,20190308
20,https://www.connectlax.com/event/baltimore_summer_kickoff_session_iii_2019,Baltimore Summer Kickoff Session III,Jun 20-21 '19,"Brooklandville, MD",Men's 13-18,https://s3.amazonaws.com/connectsports-prod/pics/thumb--28253.jpg,http://baltimoresummerkickoff.com/,Tournament,13 - 18,spider,20190308
21,https://www.connectlax.com/event/bulldog_brawl_2019,Bulldog Brawl,Jun 22-23 '19,"Smithfield, RI",Men's 8-18,https://s3.amazonaws.com/connectsports-prod/pics/thumb-3236-43785.jpg,https://primetimelacrosse.com/event/bulldog-brawl/,Tournament,8 - 18,spider,20190308
22,https://www.connectlax.com/event/brine_summer_getaway,Brine Summer Getaway,Jun 22-23 '19,"Poolesville, MD",Men's 8-18,https://s3.amazonaws.com/connectsports-prod/pics/thumb-3328-43914.jpg,http://www.alohatournaments.com,Tournament,8 - 18,spider,20190308
23,https://www.connectlax.com/event/brine_salt_lax_city_boys,Brine Salt Lax City Boys,Jun 13-14 '19,"Salt Lake City, UT",Men's 13-18,https://s3.amazonaws.com/connectsports-prod/pics/thumb-3329-43941.jpg,http://www.alohatournaments.com,Tournament,13 - 18,spider,20190308
24,https://www.connectlax.com/event/chicago-lacrosse-cup_2019,Chicago Lacrosse Cup,Jun 17-19 '19,"Vernon Hills, IL",Men's 13-18,https://s3.amazonaws.com/connectsports-prod/pics/thumb-993-20692.jpg,https://chicagolacrossecup.com/,Tournament,13 - 18,spider,20190308
25,https://www.connectlax.com/event/carolina_fever_lax_for_the_cure_summer_tournament,Carolina Fever Lax for the Cure Summer Tournament,Jun 21-23 '19,"Moorestown, NJ",Co-ed's 13-18,https://s3.amazonaws.com/connectsports-prod/pics/thumb--16093.jpg,http://www.feverlax.com/Summer-schedule/,Tournament,13 - 18,spider,20190308
26,https://www.connectlax.com/event/boys_summer_kickoff,Boys Summer Kickoff,Jun 1-2 '19,"Conshohocken, PA",Men's 13-18,https://s3.amazonaws.com/connectsports-prod/pics/thumb-305-4675.jpg,http://www.mesalacrosse.com/mesa-summer-kickoff.html,Tournament,13 - 18,spider,20190308
27,https://www.connectlax.com/event/capital-classic-lacrosse-tournament_2018_1,Capital Classic Lacrosse Tournament,Jun 29-30 '19,"Poolesville, MD",Men's 13-18,https://s3.amazonaws.com/connectsports-prod/pics/thumb-3091-43640.jpg,http://www.madlaxevents.com/capitalclassic,Tournament,13 - 18,spider,20190308
28,https://www.connectlax.com/event/boyssummerslam_2019,Boys Summer Slam,Jun 22-23 '19,"West Chester, PA",Men's 8-18,https://s3.amazonaws.com/connectsports-prod/pics/thumb-3054-43567.jpg,http://victoryeventseries.com/boys-summer-slam/,Tournament,8 - 18,spider,20190308
29,https://www.connectlax.com/event/brine_salt_lax_city_girls,Brine Salt Lax City Girls,Jun 13-14 '19,"Salt Lake City, UT",Women's 13-18,https://s3.amazonaws.com/connectsports-prod/pics/thumb-3330-43940.jpg,http://www.alohatournaments.com,Tournament,13 - 18,spider,20190308
30,https://www.connectlax.com/event/boys_lax_house_games_2019,Boys Lax House Games,Jun 15-16 '19,"Sylvania, OH",Men's 8-18,https://s3.amazonaws.com/connectsports-prod/pics/thumb-3186-43757.jpg,https://lacrosseamerica.com/site/register/register.aspx?EventID=2550,Tournament,8 - 18,spider,20190308
31,https://www.connectlax.com/event/boys_spring_play_day,Boys Spring Play Day,Mar 31 '19,"Haverford, PA",Men's 13-18,https://s3.amazonaws.com/connectsports-prod/pics/thumb-305-4675.jpg,http://www.mesalacrosse.com/mesa-spring-play-day.html,Tournament,13 - 18,spider,20190308
32,https://www.connectlax.com/event/capital_city_lacrosse_festival_2019,Capital City Lacrosse Festival,Jul 6-7 '19,"Boyds, MD",Women's 8-18,https://s3.amazonaws.com/connectsports-prod/pics/thumb-3046-43562.jpg,http://www.topofthebaysports.com/,Tournament,8 - 18,spider,20190308
33,https://www.connectlax.com/event/flg_fusion_town_championships_girls,FLG Fusion Town Championships Girls,Mar 31 '19,"Garden City, NY",Women's 8-13,https://s3.amazonaws.com/connectsports-prod/pics/thumb-3151-43806.jpg,https://flglacrosse.com/,Tournament,8 - 13,spider,20190308
34,https://www.connectlax.com/event/flg_fusion_town_championships_boys,FLG Fusion Town Championships Boys,Mar 31 '19,"Garden City, NY",Men's 8-13,https://s3.amazonaws.com/connectsports-prod/pics/thumb-3150-43795.jpg,https://flglacrosse.com/,Tournament,8 - 13,spider,20190308
35,https://www.connectlax.com/event/east_coast_summer_team_invitational_2019,East Coast Summer Team Invitational,Jul 12 '19,"Poolesville, MD",Men's 13-17,https://s3.amazonaws.com/connectsports-prod/pics/thumb-3092-43641.jpg,https://www.madlaxevents.com/eastcoastsummer,Tournament,13 - 17,spider,20190308
36,https://www.connectlax.com/event/duke_summer_kickoff,Duke Summer Kickoff,Jun 8-9 '19,"Durham, NC",Men's 13-18,https://s3.amazonaws.com/connectsports-prod/college_pics/thumb-81.jpg,https://dukelacrossecampforboys.com/,Tournament,13 - 18,spider,20190308
37,https://www.connectlax.com/event/crimson_cup_tournament,Crimson Cup Tournament,Jul 27-28 '19,"Boston, MA",Women's 13-18,https://s3.amazonaws.com/connectsports-prod/college_pics/thumb-117.jpg,https://www.willslax.com/,Tournament,13 - 18,spider,20190308
38,https://www.connectlax.com/event/crab_feast_2019,Crab Feast,Jun 22-23 '19,"Bel Air, MD",Men's 8-18,https://s3.amazonaws.com/connectsports-prod/pics/thumb-3019-43488.jpg,https://crabslax.com/Tournaments.aspx,Tournament,8 - 18,spider,20190308
39,https://www.connectlax.com/event/country_lax_festival_2016_2019,Country Lax Festival,Jun 1-2 '19,"Goodlettsville, TN",Men's 9-18,https://s3.amazonaws.com/connectsports-prod/pics/thumb-3181-43754.jpg,https://lacrosseamerica.com/,Tournament,9 - 18,spider,20190308
40,https://www.connectlax.com/event/coastal_challenge,Coastal Challenge,Jul 13-14 '19,"Lewes, DE",Women's 13-18,https://s3.amazonaws.com/connectsports-prod/pics/thumb-3048-43581.jpg,https://lacrosse.sincsports.com/TTContent.aspx?tid=COASTCHA&tab=1,Tournament,13 - 18,spider,20190308
41,https://www.connectlax.com/event/flg_in_3d_mid-summer_showdown,FLG in 3D Mid-Summer Showdown,Jun 29-30 '19,"Brookville, MD",Men's 13-18,https://s3.amazonaws.com/connectsports-prod/pics/thumb-3083-43612.jpg,https://3dlacrosse.com/tournaments,Tournament,13 - 18,spider,20190308
42,https://www.connectlax.com/event/jake_reed_summer_nike_blue_chip_-_sophomore_2019,Jake Reed Summer Nike Blue Chip - Sophomore,Jun 26-28 '19,"Baltimore, MD",Men's 13-18,https://s3.amazonaws.com/connectsports-prod/pics/thumb-3087-43637.jpg,https://www.lacrossecamp.com/summer/,Tournament,13 - 18,spider,20190308
43,https://www.connectlax.com/event/jake_reed_summer_nike_blue_chip_-_junior__senior_2019,Jake Reed Summer Nike Blue Chip - Junior + Senior,Jun 21-23 '19,"Baltimore, MD",Men's 13-18,https://s3.amazonaws.com/connectsports-prod/pics/thumb-3088-43638.jpg,https://www.lacrossecamp.com/summer/,Tournament,13 - 18,spider,20190308
44,https://www.connectlax.com/event/jake_reed_summer_nike_blue_chip_-_rising_8th__freshman_2019,Jake Reed Summer Nike Blue Chip - Rising 8th + Freshman,Jun 19-20 '19,"Baltimore, MD",Men's 13-18,https://s3.amazonaws.com/connectsports-prod/pics/thumb-3086-43635.jpg,https://www.lacrossecamp.com/summer/,Tournament,13 - 18,spider,20190308
45,https://www.connectlax.com/event/iwlca_midwest_cup_2019,IWLCA Midwest Cup,Jul 13-14 '19,"Montgomery, IL",Women's 13-18,https://s3.amazonaws.com/connectsports-prod/pics/thumb-3014-43484.jpg,http://www.iwlcalax.com/tournaments/midwest-cup/,Tournament,13 - 18,spider,20190308
46,https://www.connectlax.com/event/iwlca_new_england_cup_2019,IWLCA New England Cup,Jun 8-9 '19,"Amherst, MA",Women's 13-18,https://s3.amazonaws.com/connectsports-prod/pics/thumb-3012-43482.jpg,http://www.iwlcalax.com/tournaments/new-england-cup/,Tournament,13 - 18,spider,20190308
47,https://www.connectlax.com/event/il_recruiting_invitational_june_2019,IL Recruiting Invitational June,Jun 17-19 '19,"Bel Air, MD",Men's 13-18,https://s3.amazonaws.com/connectsports-prod/pics/thumb-990-20687.jpg,http://www.insidelacrosse.com/event/recruiting,Tournament,13 - 18,spider,20190308
48,https://www.connectlax.com/event/iwlca-champions-cup_2019,IWLCA Champions Cup,Jun 14-16 '19,"Midlothian, VA",Women's 13-18,https://s3.amazonaws.com/connectsports-prod/pics/thumb-3013-43483.jpg,http://www.iwlcalax.com/tournaments/champions-cup/,Tournament,13 - 18,spider,20190308
49,https://www.connectlax.com/event/indian-prairie-showdown_2019,Indian Prairie Showdown,Jul 26-28 '19,"Naperville, IL",Women's 8-16,https://s3.amazonaws.com/connectsports-prod/pics/thumb-2998-43469.jpg,https://www.playersindoor.com/events/indian-prairie-showdown/,Tournament,8 - 16,spider,20190308
50,https://www.connectlax.com/event/imlca-national-cup_2019,IMLCA National Cup,Jun 14-16 '19,"West Windsor Township, NJ",Men's 13-18,https://s3.amazonaws.com/connectsports-prod/pics/thumb-3029-43527.jpg,http://www.imlcanationalcup.com/,Tournament,13 - 18,spider,20190308
51,https://www.connectlax.com/event/iwlca-capital-cup_2019,IWLCA Capital Cup,Jul 18-21 '19,"North East, MD",Women's 12-18,https://s3.amazonaws.com/connectsports-prod/pics/thumb-3015-43485.jpg,http://www.capitalcuplax.com,Tournament,12 - 18,spider,20190308
52,https://www.connectlax.com/event/impulse_lax_fest_2019,Impulse Lax Fest,Jun 1-2 '19,"Olney, MD",Women's 13-18,https://s3.amazonaws.com/connectsports-prod/pics/thumb-2699-42981.jpg,https://thinklaxtournaments.sportngin.com/,Tournament,13 - 18,spider,20190308
53,https://www.connectlax.com/event/il_recruiting_invitational_july_2019,IL Recruiting Invitational July,Jul 8-10 '19,"Bel Air, MD",Men's 13-18,https://s3.amazonaws.com/connectsports-prod/pics/thumb-3006-43475.jpg,http://www.insidelacrosse.com/event/recruiting,Tournament,13 - 18,spider,20190308
54,https://www.connectlax.com/event/hometown_shootout,Hometown Shootout,Jun 9 '19,"Conshohocken, PA",Men's 13-18,https://s3.amazonaws.com/connectsports-prod/pics/thumb-933-20370.jpg,https://laxfederation.com/event/hometown-shootout/,Tournament,13 - 18,spider,20190308
55,https://www.connectlax.com/event/haverford_invitational-6645,Haverford Invitational,Jun 19-20 '19,"Aston, PA",Men's 13-18,https://s3.amazonaws.com/connectsports-prod/pics/thumb-3153-43798.jpg,http://www.mesalacrosse.com/summer-haverford-invitational.html,Tournament,13 - 18,spider,20190308
56,https://www.connectlax.com/event/great_lakes_invitational_girls,Great Lakes Invitational Girls,Jul 5-7 '19,"Lansing, MI",Women's 13-18,https://s3.amazonaws.com/connectsports-prod/pics/thumb-3218-43856.jpg,https://greatlakeslacrosse.net/,Tournament,13 - 18,spider,20190308
57,https://www.connectlax.com/event/great_lakes_invitational_boys,Great Lakes Invitational Boys,Jul 12-14 '19,"Lansing, MI",Men's 13-18,https://s3.amazonaws.com/connectsports-prod/pics/thumb-3217-43857.jpg,https://greatlakeslacrosse.net/,Tournament,13 - 18,spider,20190308
58,https://www.connectlax.com/event/girlssummerslam_2019,Girls Summer Slam,Jul 13-14 '19,"Tabernacle, NJ",Women's 8-18,https://s3.amazonaws.com/connectsports-prod/pics/thumb-3060-43590.jpg,http://victoryeventseries.com/girls-summer-slam/,Tournament,8 - 18,spider,20190308
59,https://www.connectlax.com/event/flg-spring-shootout_2018,FLG Spring Shootout,Jun 8-9 '19,"Uniondale, NY",Men's 13-18,https://s3.amazonaws.com/connectsports-prod/pics/thumb-3152-43715.jpg,https://flglacrosse.com/,Tournament,13 - 18,spider,20190308
60,https://www.connectlax.com/event/flg_in_3d_summer_shootout_2019,FLG in 3D Summer Shootout,Jul 12-14 '19,"Boyds, MD",Men's 13-18,https://s3.amazonaws.com/connectsports-prod/pics/thumb-3084-43797.jpg,https://3dlacrosse.com/tournaments,Tournament,13 - 18,spider,20190308
61,https://www.connectlax.com/event/legends_western_international_2019,Legends Western International,Jul 10-11 '19,"Salt Lake City, UT",Men's 13-18,https://s3.amazonaws.com/connectsports-prod/pics/thumb-3158-43718.jpg,http://legendslax.com/western-2/,Tournament,13 - 18,spider,20190308
62,https://www.connectlax.com/event/legends_meltdown_2019,Legends Meltdown,Jul 13-14 '19,"Moorpark, CA",Men's 13-18,https://s3.amazonaws.com/connectsports-prod/pics/thumb-3159-43719.jpg,http://legendslax.com/,Tournament,13 - 18,spider,20190308
63,https://www.connectlax.com/event/li_lax_fest_2019,LI Lax Fest,Jun 15-16 '19,"Farmingdale , NY",Co-ed's 7-17,https://s3.amazonaws.com/connectsports-prod/pics/thumb-340-7004.jpg,http://www.lilaxfest.com/girls_main.html,Tournament,7 - 17,spider,20190308
64,https://www.connectlax.com/event/laxin_out_loud-6701,Laxin Out Loud,Jun 22-23 '19,"Boyds, MD",Women's 8-18,https://s3.amazonaws.com/connectsports-prod/pics/thumb-3041-43554.jpg,https://lacrosse.sincsports.com/TTContent.aspx?tid=LAXINOL&tab=1,Tournament,8 - 18,spider,20190308
65,https://www.connectlax.com/event/legends_western_invitational,Legends Western Invitational,Jul 10-11 '19,"Salt Lake City, UT",Men's 13-18,https://s3.amazonaws.com/connectsports-prod/pics/thumb-3355-43997.jpg,http://legendslax.com/,Tournament,13 - 18,spider,20190308
66,https://www.connectlax.com/event/li_lax_fest_boys,LI Lax Fest Boys,Jun 15-16 '19,"Farmingdale, NY",Men's 13-18,https://s3.amazonaws.com/connectsports-prod/pics/thumb-3242-43787.jpg,http://lilaxfest.com/,Tournament,13 - 18,spider,20190308
67,https://www.connectlax.com/event/legacy_invitational_tournament_2019,Legacy Invitational Tournament,Jun 27-28 '19,"Devens, MA",Men's 13-18,https://s3.amazonaws.com/connectsports-prod/pics/thumb-3146-43711.jpg,https://www.legacylacrosse.org/2019,Tournament,13 - 18,spider,20190308
68,https://www.connectlax.com/event/lax-n-nati_2019_1,Lax-N-Nati,Jun 15-16 '19,"Cincinnati, OH",Men's 13-18,https://s3.amazonaws.com/connectsports-prod/pics/thumb-3938-44761.jpg,http://www.alohatournaments.com/event/laxnnati,Tournament,13 - 18,spider,20190308
69,https://www.connectlax.com/event/kansas-city-bbq-town-showdown_2019,Kansas City BBQ Town Showdown,Jun 29-30 '19,"Overland Park, KS",Men's 8-18,https://s3.amazonaws.com/connectsports-prod/pics/thumb-3107-43675.jpg,http://www.uslaxevents.com/,Tournament,8 - 18,spider,20190308
70,https://www.connectlax.com/event/lax_geneva_girls_2019,Lax Geneva Girls,Jun 15-16 '19,"Lake Geneva, WI",Women's 8-18,https://s3.amazonaws.com/connectsports-prod/pics/thumb-3188-43759.jpg,https://lacrosseamerica.com/site/register/register.aspx?EventID=2551,Tournament,8 - 18,spider,20190308
71,https://www.connectlax.com/event/lax_geneva_boys_2019,Lax Geneva Boys,Jun 15-16 '19,"Delavan, WI",Men's 8-18,https://s3.amazonaws.com/connectsports-prod/pics/thumb-3187-43758.jpg,https://lacrosseamerica.com/site/register/register.aspx?EventID=2551,Tournament,8 - 18,spider,20190308
72,https://www.connectlax.com/event/lake_placid_summit_lax_classic_2019,Lake Placid Summit LAX Classic,Aug 5-11 '19,"Lake Placid, NY",Co-ed's 7-14,https://s3.amazonaws.com/connectsports-prod/pics/thumb-337-6886.jpg,http://www.lakeplacidlax.com/page/show/1053459-scholastic,Tournament,7 - 14,spider,20190308
73,https://www.connectlax.com/event/laxfed_members_cup,LaxFed Members Cup,Jul 8-9 '19,"North East, MD",Men's 8-18,https://s3.amazonaws.com/connectsports-prod/pics/thumb-933-20370.jpg,https://laxfederation.com,Tournament,8 - 18,spider,20190308
74,https://www.connectlax.com/event/lax_blast_2019,Lax Blast,Jul 13 '19,"Holtsville, NY",Women's 13-18,https://s3.amazonaws.com/connectsports-prod/pics/thumb-3243-43788.jpg,http://www.mylacrossetournaments.com/,Tournament,13 - 18,spider,20190308
75,https://www.connectlax.com/event/lax_amplified_2019,Lax Amplified,Jun 15-16 '19,"Palmyra, PA",Women's 13-18,https://s3.amazonaws.com/connectsports-prod/pics/thumb-2697-42977.jpg,https://thinklaxtournaments.sportngin.com/,Tournament,13 - 18,spider,20190308
76,https://www.connectlax.com/event/lake_george_national_invitational_,Lake George National Invitational,Jul 13-14 '19,"Fort Ann, NY",Men's 8-18,https://s3.amazonaws.com/connectsports-prod/pics/thumb-3237-43854.jpg,https://primetimelacrosse.com/event/lake-george-national-invitational/,Tournament,8 - 18,spider,20190308
77,https://www.connectlax.com/event/liberty_national_elite_classic_tournament_2019,Liberty National Elite Classic Tournament,Jun 29-30 '19,"Frederica, DE",Men's 13-18,https://s3.amazonaws.com/connectsports-prod/pics/thumb-3056-43570.jpg,http://victoryeventseries.com/liberty-national-elite-classic/,Tournament,13 - 18,spider,20190308
78,https://www.connectlax.com/event/li_lax_fest_girls,LI Lax Fest Girls,Jun 15 '19,"Farmingdale, NY",Women's 13-18,https://s3.amazonaws.com/connectsports-prod/pics/thumb-1831-28175.jpg,http://lilaxfest.com/,Tournament,13 - 18,spider,20190308
79,https://www.connectlax.com/event/king_of_queens_girls_2019,King Of Queens Girls,Jun 29-30 '19,"Lebanon, OH",Women's 8-18,https://s3.amazonaws.com/connectsports-prod/pics/thumb-3191-43762.jpg,https://lacrosseamerica.com/site/register/register.aspx?EventID=2555,Tournament,8 - 18,spider,20190308
80,https://www.connectlax.com/event/king_of_queens_boys_2019,King Of Queens Boys,Jun 29-30 '19,"Lebanon, OH",Men's 8-18,https://s3.amazonaws.com/connectsports-prod/pics/thumb-3190-43761.jpg,https://lacrosseamerica.com/site/register/register.aspx?EventID=2555,Tournament,8 - 18,spider,20190308
81,https://www.connectlax.com/event/liberty_rising,Liberty Rising,Jun 29-30 '19,"North East, MD",Men's 8-13,https://s3.amazonaws.com/connectsports-prod/pics/thumb-3068-43601.jpg,http://victoryeventseries.com/liberty-rising/,Tournament,8 - 13,spider,20190308
82,https://www.connectlax.com/event/mid_america_invitational_boys,Mid America Invitational Boys,Jun 29-30 '19,"Westfield, IN",Men's 13-18,https://s3.amazonaws.com/connectsports-prod/pics/thumb-4147-45051.jpg,https://nxtsports.com/boys-lacrosse/showcase/,Tournament,13 - 18,spider,20190308
83,https://www.connectlax.com/event/madison_capital_classic_boys_2019,Madison Capital Classic Boys,Jul 20-21 '19,"Verona, WI",Men's 8-18,https://s3.amazonaws.com/connectsports-prod/pics/thumb-3194-43765.jpg,https://lacrosseamerica.com/site/register/register.aspx?EventID=2564,Tournament,8 - 18,spider,20190308
84,https://www.connectlax.com/event/mason-dixon_shootout_,Mason-Dixon Shootout,Jun 1-2 '19,"North East, MD",Co-ed's 8-13,https://s3.amazonaws.com/connectsports-prod/pics/thumb-3035-43582.jpg,http://www.cselax.com/masondixon-summer/,Tournament,8 - 13,spider,20190308
85,https://www.connectlax.com/event/live_love_lax_tournament_2019,Live Love Lax Tournament,Jun 15-16 '19,"Bel Air, MD",Women's 8-18,https://s3.amazonaws.com/connectsports-prod/pics/thumb-3047-43563.jpg,http://livelovelaxtour.com/summer-tournament,Tournament,8 - 18,spider,20190308
86,https://www.connectlax.com/event/long_island_summer_showdown_2019,Long Island Summer Showdown,Jul 15-16 '19,"Islip, NY",Men's 13-18,https://s3.amazonaws.com/connectsports-prod/pics/thumb-3200-43767.jpg,http://toplacrossetournaments.com/,Tournament,13 - 18,spider,20190308
87,https://www.connectlax.com/event/naptown_challenge_boys_youth,Naptown Challenge Boys Youth,Jul 8-10 '19,"Annapolis, MD",Men's 8-13,https://s3.amazonaws.com/connectsports-prod/pics/thumb--20863.jpg,http://www.naptownchallenge.com/,Tournament,8 - 13,spider,20190308
88,https://www.connectlax.com/event/naptown_challenge_boys_hs,Naptown Challenge Boys HS,Jul 8-10 '19,"Annapolis, MD",Men's 13-18,https://s3.amazonaws.com/connectsports-prod/pics/thumb-1662-27160.jpg,http://www.naptownchallenge.com/,Tournament,13 - 18,spider,20190308
89,https://www.connectlax.com/event/nal_north_american_lacrosse_summer_tourney_2019,NAL North American Lacrosse Summer Tourney,Jun 15-16 '19,"New Castle, DE",Men's 13-18,https://s3.amazonaws.com/connectsports-prod/pics/thumb--24334.jpg,http://www.nalacrosse.com/,Tournament,13 - 18,spider,20190308
90,https://www.connectlax.com/event/long_island_3_classic_tournament,Long Island 3 Classic Tournament,Jul 20-21 '19,"Hempstead, NY",Women's 13-18,https://s3.amazonaws.com/connectsports-prod/college_pics/thumb-125.jpg,http://lacrosseby3.com/home.aspx,Tournament,13 - 18,spider,20190308
91,https://www.connectlax.com/event/mountain_west_claxic_girls,Mountain West Claxic Girls,Jul 20-21 '19,"Sedalia, CO",Women's 13-18,https://s3.amazonaws.com/connectsports-prod/pics/thumb-3220-43841.jpg,https://laxusa.com/mountain-west-claxic/,Tournament,13 - 18,spider,20190308
92,https://www.connectlax.com/event/mountain_west_claxic_boys,Mountain West Claxic Boys,Jul 20-21 '19,"Sedalia, CO",Men's 13-18,https://s3.amazonaws.com/connectsports-prod/pics/thumb-3219-43842.jpg,https://laxusa.com/mountain-west-claxic/,Tournament,13 - 18,spider,20190308
93,https://www.connectlax.com/event/midwestern_war_games_2019,Midwestern War Games,Jun 22-23 '19,"New Albany, OH",Women's 13-18,https://s3.amazonaws.com/connectsports-prod/pics/thumb-2696-42974.jpg,https://thinklaxtournaments.sportngin.com,Tournament,13 - 18,spider,20190308
94,https://www.connectlax.com/event/midwest_season_finalax_girls,Midwest Season Finalax Girls,Aug 10-11 '19,"Marshall, MI",Women's 13-18,https://s3.amazonaws.com/connectsports-prod/pics/thumb-3224-43851.jpg,https://laxusa.com/midwest-season-finalax/,Tournament,13 - 18,spider,20190308
95,https://www.connectlax.com/event/music_city_lacrosse_festival_2019,Music City Lacrosse Festival,Jun 22-23 '19,"Goodlettsville, TN",Women's 8-18,https://s3.amazonaws.com/connectsports-prod/pics/thumb-3044-43560.jpg,http://www.topofthebaysports.com/,Tournament,8 - 18,spider,20190308
96,https://www.connectlax.com/event/midwest_season_finalax_boys,Midwest Season Finalax Boys,Aug 10-11 '19,"Marshall, MI",Men's 13-18,https://s3.amazonaws.com/connectsports-prod/pics/thumb-3223-43852.jpg,https://laxusa.com/midwest-season-finalax/,Tournament,13 - 18,spider,20190308
97,https://www.connectlax.com/event/mid-summer-classic-_2019,Mid Summer Classic,Jul 13 '19,"Amherst, MA",Men's 8-18,https://s3.amazonaws.com/connectsports-prod/pics/thumb-3118-43686.jpg,http://www.midsummer-classic.com/,Tournament,8 - 18,spider,20190308
98,https://www.connectlax.com/event/mid_america_invitational_girls,Mid America Invitational Girls,Jun 29-30 '19,"Westfield, IN",Women's 13-18,https://s3.amazonaws.com/connectsports-prod/pics/thumb-3280-43873.jpg,https://nxtlacrosse.com/recruiting-events/,Tournament,13 - 18,spider,20190308
99,https://www.connectlax.com/event/nxt_philly_summer_invitational_2019,NXT Philly Summer Invitational,Jul 13-14 '19,"Downingtown, PA",Men's 13-17,https://s3.amazonaws.com/connectsports-prod/pics/thumb-4149-45053.jpg,https://nxtsports.com/boys-lacrosse/showcase,Tournament,13 - 17,spider,20190308
100,https://www.connectlax.com/event/nlf_opening_weekend,NLF Opening Weekend,Jun 8-9 '19,"Holtsville, NY",Men's 13-18,https://s3.amazonaws.com/connectsports-prod/pics/thumb--17975.jpg,https://nationallacrossefederation.com/,Tournament,13 - 18,spider,20190308
101,https://www.connectlax.com/event/nxt_philly_summer_invitational_girls,NXT Philly Summer Invitational Girls,Jun 22-23 '19,"Conshohocken, PA",Women's 13-18,https://s3.amazonaws.com/connectsports-prod/pics/thumb-3281-43874.jpg,https://nxtlacrosse.com/recruiting-events/summer/girls-summer-invitational/,Tournament,13 - 18,spider,20190308
102,https://www.connectlax.com/event/northstar_capital_city_classic_2019,Northstar Capital City Classic,Jun 29-30 '19,"Albany, NY",Women's 13-18,https://s3.amazonaws.com/connectsports-prod/pics/thumb-3080-43609.jpg,http://www.summitlacrosseventures.com/nccc,Tournament,13 - 18,spider,20190308
103,https://www.connectlax.com/event/new_england_twisters_summer_tournaments_-_harvard,New England Twisters Summer Tournaments - Harvard,Jul 26-27 '19,"Cambridge, MA",Women's 13-18,https://s3.amazonaws.com/connectsports-prod/pics/thumb--22774.jpg,http://netwisters.com/Page.asp?n=156305&org=NETWISTERS.COM,Tournament,13 - 18,spider,20190308
104,https://www.connectlax.com/event/ne_summer_sizzle,NE Summer Sizzle,Jul 13 '19,"Somers, CT",Women's 13-18,https://s3.amazonaws.com/connectsports-prod/pics/thumb-3231-43853.jpg,http://lpswag.com/Page.asp?n=159109&org=M.M.M.M.M.M.M.LPSWAG.COM,Tournament,13 - 18,spider,20190308
105,https://www.connectlax.com/event/niagara_lacrosse_invitational,Niagara Lacrosse Invitational,Jul 20-21 '19,"Youngstown, NY",Men's 13-18,https://s3.amazonaws.com/connectsports-prod/pics/thumb-933-20370.jpg,https://laxfederation.com/event/niagara-lacrosse-invitational-2019/,Tournament,13 - 18,spider,20190308
106,https://www.connectlax.com/event/new_england_twisters_summer_tournaments_-_connecticut,New England Twisters Summer Tournaments - Connecticut,Jul 13 '19,"Somers, CT",Women's 13-18,https://s3.amazonaws.com/connectsports-prod/pics/thumb--22774.jpg,http://netwisters.com/Page.asp?n=156305&org=NETWISTERS.COM,Tournament,13 - 18,spider,20190308
107,https://www.connectlax.com/event/new_england_twisters_summer_tournaments_-_amherst,New England Twisters Summer Tournaments - Amherst,Jun 8-9 '19,"Amherst, MA",Women's 13-18,https://s3.amazonaws.com/connectsports-prod/pics/thumb--22774.jpg,http://netwisters.com/Page.asp?n=156305&org=NETWISTERS.COM,Tournament,13 - 18,spider,20190308
108,https://www.connectlax.com/event/ncaa_future_champions_tournament,NCAA Future Champions Tournament,May 26-27 '19,"West Deptford, NJ",Men's 13-18,https://s3.amazonaws.com/connectsports-prod/pics/thumb-3033-43585.jpg,http://www.cselax.com/ncaafutures/,Tournament,13 - 18,spider,20190308
109,https://www.connectlax.com/event/national_summer_showdown,National Summer Showdown,Jun 29-30 '19,"Garden City, NY",Men's 8-13,https://s3.amazonaws.com/connectsports-prod/pics/thumb-3145-43895.jpg,http://www.blatantevents.com/,Tournament,8 - 13,spider,20190308
110,https://www.connectlax.com/event/national_draw_summer_2019,National Draw Summer,Jun 14-16 '19,"Marlton, NJ",Women's 13-18,https://s3.amazonaws.com/connectsports-prod/pics/thumb-3010-43478.jpg,https://nationaldraw.com/,Tournament,13 - 18,spider,20190308
111,https://www.connectlax.com/event/naptown_challenge_girls_hs,Naptown Challenge Girls HS,Jul 10-11 '19,"Annapolis, MD",Women's 13-18,https://s3.amazonaws.com/connectsports-prod/pics/thumb--20863.jpg,http://www.naptownchallenge.com/womens-event/,Tournament,13 - 18,spider,20190308
112,https://www.connectlax.com/event/park_city_showdown_boys,Park City Showdown Boys,Jun 28-29 '19,"Park City, UT",Men's 13-18,https://s3.amazonaws.com/connectsports-prod/pics/thumb-2706-43050.jpg,https://www.adrln.com/shop/events/?event_category=events/,Tournament,13 - 18,spider,20190308
113,https://www.connectlax.com/event/one_more_time_girls,One More Time Girls,Jul 27-28 '19,"Lansing, MI",Women's 13-18,https://s3.amazonaws.com/connectsports-prod/pics/thumb-3222-43843.jpg,https://laxusa.com/one-more-time/,Tournament,13 - 18,spider,20190308
114,https://www.connectlax.com/event/one_more_time_boys,One More Time Boys,Jul 27-28 '19,"Lansing, MI",Men's 13-18,https://s3.amazonaws.com/connectsports-prod/pics/thumb-3221-43844.jpg,https://laxusa.com/one-more-time/,Tournament,13 - 18,spider,20190308
115,https://www.connectlax.com/event/ohio_lacrosse_festival_girls_2019,Ohio Lacrosse Festival Girls,Jun 8-9 '19,"New Albany, OH",Women's 13-18,https://s3.amazonaws.com/connectsports-prod/pics/thumb-3185-43756.jpg,https://lacrosseamerica.com/site/register/register.aspx?EventID=2548,Tournament,13 - 18,spider,20190308
116,https://www.connectlax.com/event/nlf_national_championships_,NLF National Championships,Jul 19-21 '19,"Amherst, MA",Men's 13-18,https://s3.amazonaws.com/connectsports-prod/pics/thumb--17975.jpg,https://nationallacrossefederation.com,Tournament,13 - 18,spider,20190308
117,https://www.connectlax.com/event/new_england_twisters_summer_tournaments_-_northfield_mount_hermon,New England Twisters Summer Tournaments - Northfield Mount Hermon,Jul 5-7 '19,"Cambridge, MA",Women's 13-18,https://s3.amazonaws.com/connectsports-prod/pics/thumb--22774.jpg,http://netwisters.com/Page.asp?n=156305&org=NETWISTERS.COM,Tournament,13 - 18,spider,20190308
118,https://www.connectlax.com/event/ohio_lacrosse_festival_boys_2019,Ohio Lacrosse Festival Boys,Jun 8-9 '19,"New Albany, OH",Men's 13-18,https://s3.amazonaws.com/connectsports-prod/pics/thumb-3184-43755.jpg,https://lacrosseamerica.com/site/register/register.aspx?EventID=2548,Tournament,13 - 18,spider,20190308
119,https://www.connectlax.com/event/platinum-cup_2019,Platinum Cup,Jun 8-9 '19,"Frederica, DE",Men's 13-18,https://s3.amazonaws.com/connectsports-prod/pics/thumb-2970-43405.jpg,https://www.adrln.com/shop/events/?event_category=events/,Tournament,13 - 18,spider,20190308
120,https://www.connectlax.com/event/pipe_city_lacrosse_festival_boys_2019,Pipe City Lacrosse Festival Boys,Jul 13-14 '19,"Vernon Hills, IL",Men's 8-18,https://s3.amazonaws.com/connectsports-prod/pics/thumb-3192-43763.jpg,https://lacrosseamerica.com/site/register/register.aspx?EventID=2558,Tournament,8 - 18,spider,20190308
121,https://www.connectlax.com/event/pipe_city_lacrosse_festival_girls_2019,Pipe City Lacrosse Festival Girls,Jul 13-14 '19,"Vernon Hills, IL",Women's 8-18,https://s3.amazonaws.com/connectsports-prod/pics/thumb-3193-43764.jpg,https://lacrosseamerica.com/site/register/register.aspx?EventID=2558,Tournament,8 - 18,spider,20190308
122,https://www.connectlax.com/event/pre-season_jamboree,Pre-Season Jamboree,May 14 '19,"Media, PA",Men's 13-18,https://s3.amazonaws.com/connectsports-prod/pics/thumb-933-20370.jpg,https://laxfederation.com/event/pre-season-jamboree/,Tournament,13 - 18,spider,20190308
123,https://www.connectlax.com/event/prairie_state_games_boys,Prairie State Games Boys,May 25 '19,"Vernon Hills, IL",Men's 8-13,https://s3.amazonaws.com/connectsports-prod/pics/thumb-3198-43799.jpg,https://lacrosseamerica.com/site/register/register.aspx?EventID=2543,Tournament,8 - 13,spider,20190308
124,https://www.connectlax.com/event/primetime_shootout_2019,PrimeTime Shootout,Jun 15-16 '19,"Babson Park, MA",Men's 8-18,https://s3.amazonaws.com/connectsports-prod/pics/thumb-3235-43784.jpg,https://primetimelacrosse.com/event/primetime-shootout/,Tournament,8 - 18,spider,20190308
125,https://www.connectlax.com/event/pennsylvania_invitational,Pennsylvania Invitational,Jun 15-16 '19,"West Bradford Township, PA",Men's 13-18,https://s3.amazonaws.com/connectsports-prod/pics/thumb-1213-35500.jpg,https://nxtsports.com/boys-lacrosse/showcase/,Tournament,13 - 18,spider,20190308
126,https://www.connectlax.com/event/prairie_state_games_girls,Prairie State Games Girls,May 25 '19,"Vernon Hills, IL",Women's 8-13,https://s3.amazonaws.com/connectsports-prod/pics/thumb-3199-43800.jpg,https://lacrosseamerica.com/site/register/register.aspx?EventID=2543,Tournament,8 - 13,spider,20190308
127,https://www.connectlax.com/event/quiksand_boys,Quiksand Boys,Aug 3 '19,"Wildwood, NJ",Men's 13-18,https://s3.amazonaws.com/connectsports-prod/pics/thumb-3269-43886.jpg,https://nxtsports.com/boys-lacrosse/tournaments?levels=high+school,Tournament,13 - 18,spider,20190308
128,https://www.connectlax.com/event/project-120_2019,Project 120,Jun 22-23 '19,"Lawrenceville, NJ",Women's 9-18,https://s3.amazonaws.com/connectsports-prod/pics/thumb-2949-43368.jpg,http://www.ultimateeventsandsports.com/events/project-120/,Tournament,9 - 18,spider,20190308
129,https://www.connectlax.com/event/rutgers_cup,Rutgers Cup,Jul 7 '19,"New Brunswick, NJ",Men's 13-18,https://s3.amazonaws.com/connectsports-prod/college_pics/thumb-233.jpg,https://division1experience.leagueapps.com/,Tournament,13 - 18,spider,20190308
130,https://www.connectlax.com/event/rip_the_wave_boys,Rip The Wave Boys,Jul 20-21 '19,"Michigan, IN",Men's 13-18,https://s3.amazonaws.com/connectsports-prod/pics/thumb-3106-43812.jpg,https://www.uslaxevents.com/ripthewave,Tournament,13 - 18,spider,20190308
131,https://www.connectlax.com/event/rip-the-cow_2019,Rip the Cow,May 4-5 '19,"Franklin, WI",Men's 8-13,https://s3.amazonaws.com/connectsports-prod/pics/thumb-3104-43673.jpg,https://www.uslaxevents.com/ripthecow,Tournament,8 - 13,spider,20190308
132,https://www.connectlax.com/event/rip-the-duck_2018,Rip the Duck,Apr 13-14 '19,"South Bend, IL",Men's 8-18,https://s3.amazonaws.com/connectsports-prod/pics/thumb-3105-43674.jpg,http://www.uslaxevents.com/page/show/1083801-rip-the-duck,Tournament,8 - 18,spider,20190308
133,https://www.connectlax.com/event/rocky_mountain_jamboree_girls,Rocky Mountain Jamboree Girls,Jun 8-9 '19,"Littleton, CO",Women's 8-18,https://s3.amazonaws.com/connectsports-prod/pics/thumb-3252-43827.jpg,https://www.summitlacrosseventures.com/rmlj,Tournament,8 - 18,spider,20190308
134,https://www.connectlax.com/event/park_city_showdown_girls,Park City Showdown Girls,Jun 28-29 '19,"Park City, UT",Women's 13-18,https://s3.amazonaws.com/connectsports-prod/pics/thumb-2979-43414.jpg,https://www.adrln.com/shop/events/?event_category=events/,Tournament,13 - 18,spider,20190308
135,https://www.connectlax.com/event/rocky_mountain_jamboree_boys,Rocky Mountain Jamboree Boys,Jun 8-9 '19,"Arvada, CO",Men's 8-18,https://s3.amazonaws.com/connectsports-prod/pics/thumb-3251-43828.jpg,https://www.summitlacrosseventures.com/rmlj,Tournament,8 - 18,spider,20190308
136,https://www.connectlax.com/event/rip_the_wave_girls,Rip The Wave Girls,Jul 20-21 '19,"Michigan, IN",Women's 13-18,https://s3.amazonaws.com/connectsports-prod/pics/thumb-3110-43813.jpg,https://www.uslaxevents.com/ripthewave,Tournament,13 - 18,spider,20190308
137,https://www.connectlax.com/event/rutgers_d1_experience_summer_shootout,Rutgers D1 Experience Summer Shootout,Jun 29-30 '19,"Piscataway Township, NJ",Men's 13-18,https://s3.amazonaws.com/connectsports-prod/pics/thumb-3298-43901.jpg,https://division1experience.com/camp-summer-shootout.php,Tournament,13 - 18,spider,20190308
138,https://www.connectlax.com/event/saratoga_shootout,Saratoga Shootout,Jul 5-7 '19,"Saratoga Springs, NY",Men's 8-18,https://s3.amazonaws.com/connectsports-prod/pics/thumb-3253-43890.jpg,https://www.summitlacrosseventures.com/sls,Tournament,8 - 18,spider,20190308
139,https://www.connectlax.com/event/spring_jam,Spring Jam,May 18-19 '19,"Greenvale, NY",Men's 13-18,https://s3.amazonaws.com/connectsports-prod/pics/thumb-3144-43894.jpg,http://www.blatantevents.com,Tournament,13 - 18,spider,20190308
140,https://www.connectlax.com/event/sonoma_shootout,Sonoma Shootout,Jun 29-30 '19,"Rohnert Park, CA",Men's 13-18,https://s3.amazonaws.com/connectsports-prod/pics/thumb-459-13727.jpg,https://www.adrln.com/shop/events/?event_category=events/,Tournament,13 - 18,spider,20190308
141,https://www.connectlax.com/event/south_carolina_shootout,South Carolina Shootout,Jun 1-2 '19,"Greer, SC",Men's 13-18,https://s3.amazonaws.com/connectsports-prod/pics/thumb-3265-43883.jpg,https://nxtsports.com/boys-lacrosse/tournaments?levels=high+school,Tournament,13 - 18,spider,20190308
142,https://www.connectlax.com/event/summer_classic_2019,Summer Classic,Jun 8-9 '19,"Bel Air, MD",Women's 8-18,https://s3.amazonaws.com/connectsports-prod/pics/thumb-3043-43559.jpg,http://www.topofthebaysports.com/,Tournament,8 - 18,spider,20190308
143,https://www.connectlax.com/event/summer_genesis_2019,Summer Genesis,Jun 8-9 '19,"Palmyra, PA",Women's 13-18,https://s3.amazonaws.com/connectsports-prod/pics/thumb-2698-42979.jpg,https://thinklaxtournaments.sportngin.com/,Tournament,13 - 18,spider,20190308
144,https://www.connectlax.com/event/southern_sizzle_2019,Southern Sizzle,Jun 22-23 '19,"Matthews, NC",Men's 8-18,https://s3.amazonaws.com/connectsports-prod/pics/thumb-3325-43911.jpg,http://www.alohatournaments.com,Tournament,8 - 18,spider,20190308
145,https://www.connectlax.com/event/summer_bulldog_bash,Summer Bulldog Bash,Jul 7 '19,"New Haven, CT",Men's 13-18,https://s3.amazonaws.com/connectsports-prod/pics/thumb-3268-44841.jpg,https://nxtsports.com/boys-lacrosse/tournaments?levels=high+school,Tournament,13 - 18,spider,20190308
146,https://www.connectlax.com/event/the_all-american_nxt_tournament_2019,The All-American NXT Tournament,Jun 8-9 '19,"Downingtown, PA",Women's 8-18,https://s3.amazonaws.com/connectsports-prod/pics/thumb-3284-43876.jpg,https://nxtlacrosse.com/recruiting-events/,Tournament,8 - 18,spider,20190308
147,https://www.connectlax.com/event/sweetlax_summer_invitational_2019,Sweetlax Summer Invitational,Jun 22-23 '19,"Pittsford, NY",Men's 13-18,https://s3.amazonaws.com/connectsports-prod/pics/thumb-3075-43604.jpg,https://www.ml8events.com/sweetlax-invitational,Tournament,13 - 18,spider,20190308
148,https://www.connectlax.com/event/summit_sevens,Summit Sevens,Aug 7-8 '19,"Lake Placid, NY",Women's 8-18,https://s3.amazonaws.com/connectsports-prod/pics/thumb-3254-43889.jpg,https://www.summitlacrosseventures.com/summit7s,Tournament,8 - 18,spider,20190308
149,https://www.connectlax.com/event/summer_showcase_2019,Summer Showcase,Jun 1 '19,"Bel Air, MD",Women's 8-18,https://s3.amazonaws.com/connectsports-prod/pics/thumb-3042-43558.jpg,http://www.topofthebaysports.com/,Tournament,8 - 18,spider,20190308
150,https://www.connectlax.com/event/texas_two-step_dallas,Texas Two-Step Dallas,Jun 22-23 '19,"Plano, TX",Men's 8-18,https://s3.amazonaws.com/connectsports-prod/pics/thumb-3331-43944.jpg,http://www.alohatournaments.com,Tournament,8 - 18,spider,20190308
151,https://www.connectlax.com/event/summer_shootout,Summer Shootout,Jun 29-30 '19,"New Brunswick, NJ",Men's 13-18,https://s3.amazonaws.com/connectsports-prod/college_pics/thumb-233.jpg,https://division1experience.leagueapps.com/,Tournament,13 - 18,spider,20190308
152,https://www.connectlax.com/event/texasdraw_2019,Texas Draw,Jun 8-9 '19,"Plano, TX",Co-ed's 8-18,https://s3.amazonaws.com/connectsports-prod/pics/thumb-3051-43565.jpg,http://victoryeventseries.com/texas-draw/,Tournament,8 - 18,spider,20190308
153,https://www.connectlax.com/event/summer-shootout_2018,Summer Shootout,Jul 13-14 '19,"Naperville, IL",Men's 8-18,https://s3.amazonaws.com/connectsports-prod/pics/thumb-3103-43810.jpg,https://www.uslaxevents.com/page/show/1141479-summer-shootout,Tournament,8 - 18,spider,20190308
154,https://www.connectlax.com/event/summer_rumble_in_richmond_2019,Summer Rumble in Richmond,Jun 8-9 '19,"Midlothian, VA",Men's 8-18,https://s3.amazonaws.com/connectsports-prod/pics/thumb-3028-43526.jpg,http://www.cselax.com/summer-rumble/,Tournament,8 - 18,spider,20190308
155,https://www.connectlax.com/event/summerrise_2019,Summer Rise,Jun 15-16 '19,"West Chester, PA",Women's 8-18,https://s3.amazonaws.com/connectsports-prod/pics/thumb-3061-43591.jpg,http://victoryeventseries.com/summer-rise/,Tournament,8 - 18,spider,20190308
156,https://www.connectlax.com/event/summer_jam,Summer Jam,Jun 8-9 '19,"Kennesaw, GA",Men's 13-18,https://s3.amazonaws.com/connectsports-prod/pics/thumb-3266-43884.jpg,https://nxtsports.com/boys-lacrosse/tournaments?levels=high+school,Tournament,13 - 18,spider,20190308
157,https://www.connectlax.com/event/summer_invitational_pa_2019,Summer Invitational PA,Jun 26-27 '19,"Downingtown, PA",Men's 13-18,https://s3.amazonaws.com/connectsports-prod/pics/thumb-2978-43413.jpg,https://www.adrln.com/shop/events/?event_category=events/,Tournament,13 - 18,spider,20190308
158,https://www.connectlax.com/event/the_national_lacrosse_invitational,The National Lacrosse Invitational,Jul 8-9 '19,"Setauket- East Setauket, NY",Men's 13-18,https://s3.amazonaws.com/connectsports-prod/pics/thumb-1320-43903.jpg,http://nliwm.com,Tournament,13 - 18,spider,20190308
159,https://www.connectlax.com/event/the_mountain_goat,The Mountain Goat,Jun 15-16 '19,"Boise, ID",Men's 13-18,https://s3.amazonaws.com/connectsports-prod/pics/thumb-3111-43811.jpg,https://www.uslaxevents.com/mountaingoat,Tournament,13 - 18,spider,20190308
160,https://www.connectlax.com/event/the_magnificent_7_championship,The Magnificent 7 Championship,Jul 27-28 '19,"Stony Brook, NY",Men's 13-18,https://s3.amazonaws.com/connectsports-prod/college_pics/thumb-260.jpg,https://www.lacrosseevents.com/,Tournament,13 - 18,spider,20190308
161,https://www.connectlax.com/event/the-spring-madness-play-day_2018,The Spring MADness Play Day,Mar 17 '19,"Bethesda, MD",Men's 13-18,https://s3.amazonaws.com/connectsports-prod/pics/thumb-3089-43649.jpg,http://www.madlaxevents.com/madness,Tournament,13 - 18,spider,20190308
162,https://www.connectlax.com/event/the_summer_swell,The Summer Swell,Jun 1-2 '19,"Frederica, DE",Women's 8-13,https://s3.amazonaws.com/connectsports-prod/pics/thumb-2953-43374.jpg,https://www.ultimateeventsandsports.com/events/summer-swell/,Tournament,8 - 13,spider,20190308
163,https://www.connectlax.com/event/the_summer_roundup,The Summer Roundup,Jun 8-9 '19,"West Chester, PA",Women's 8-18,https://s3.amazonaws.com/connectsports-prod/pics/thumb-2952-43373.jpg,https://www.ultimateeventsandsports.com/events/the-fall-roundup/,Tournament,8 - 18,spider,20190308
164,https://www.connectlax.com/event/thunderbays_battle_on_the_beach,ThunderBayâ€™s Battle on the Beach,Aug 3-4 '19,"Ocean City, MD",Men's 8-18,https://s3.amazonaws.com/connectsports-prod/pics/thumb-3034-43579.jpg,http://www.cselax.com/tbbeachlax/,Tournament,8 - 18,spider,20190308
165,https://www.connectlax.com/event/the_surge_2019,The Surge,Jul 12-14 '19,"Frederica, DE",Women's 13-18,https://s3.amazonaws.com/connectsports-prod/pics/thumb-2951-43370.jpg,https://www.ultimateeventsandsports.com/events/categories/lacrosse/,Tournament,13 - 18,spider,20190308
166,https://www.connectlax.com/event/trilogy_24_tournament,Trilogy 24 Tournament,Jun 27-28 '19,"Towson, MD",Men's 13-18,https://s3.amazonaws.com/connectsports-prod/pics/thumb-3261-43834.jpg,http://trilogylacrosse.com/events/boys-tournaments/trilogy-24-recruiting-tournament,Tournament,13 - 18,spider,20190308
167,https://www.connectlax.com/event/trilogy_atlanta_tournament_2019,Trilogy Atlanta Tournament,Jun 1-2 '19,"Kennesaw, GA",Men's 13-18,https://s3.amazonaws.com/connectsports-prod/pics/thumb-3257-43830.jpg,http://trilogylacrosse.com/events/boys-tournaments/trilogy-atlanta-tournament,Tournament,13 - 18,spider,20190308
168,https://www.connectlax.com/event/trilogy_gettysburg_tournament_2019,Trilogy Gettysburg Tournament,Jun 15-16 '19,"Gettysburg, PA",Men's 8-18,https://s3.amazonaws.com/connectsports-prod/pics/thumb-3258-43831.jpg,http://trilogylacrosse.com/events/boys-tournaments/gettysburg-tournament,Tournament,8 - 18,spider,20190308
169,https://www.connectlax.com/event/town_cup,Town Cup,Apr 13 '19,"Huntington Station, NY",Men's 8-13,https://s3.amazonaws.com/connectsports-prod/pics/thumb-3143-43893.jpg,http://www.blatantevents.com/,Tournament,8 - 13,spider,20190308
170,https://www.connectlax.com/event/uwlx_summer_draw_2019,UWLX Summer Draw,Jun 17-19 '19,"Bel Air, MD",Women's 13-18,https://s3.amazonaws.com/connectsports-prod/pics/thumb-3045-43561.jpg,https://3dlacrosse.com/tournaments,Tournament,13 - 18,spider,20190308
171,https://www.connectlax.com/event/the_grind_2019_1,The Grind,Jul 6-7 '19,"Malvern, PA",Women's 8-17,https://s3.amazonaws.com/connectsports-prod/pics/thumb-2950-43369.jpg,http://www.ultimateeventsandsports.com/events/the-grind/,Tournament,8 - 17,spider,20190308
172,https://www.connectlax.com/event/trilogy_buckeye_classic_2019,Trilogy Buckeye Classic,Jun 22-23 '19,"West Chester, OH",Men's 13-18,https://s3.amazonaws.com/connectsports-prod/pics/thumb-3260-43833.jpg,http://trilogylacrosse.com/events/boys-tournaments/trilogy-buckeye-classic,Tournament,13 - 18,spider,20190308
173,https://www.connectlax.com/event/united_summer_clash_2019,United Summer Clash,Jun 16 '19,"Albany, NY",Men's 13-17,https://s3.amazonaws.com/connectsports-prod/pics/thumb-3367-43990.jpg,http://www.united-lacrosse.com/,Tournament,13 - 17,spider,20190308
174,https://www.connectlax.com/event/turf_wars,Turf Wars,Jul 19-21 '19,"Palmyra, PA",Women's 13-18,https://s3.amazonaws.com/connectsports-prod/pics/thumb-2701-42985.jpg,http://thinklaxtournaments.sportngin.com/page/show/2037250-home,Tournament,13 - 18,spider,20190308
175,https://www.connectlax.com/event/trilogy_rider_tournament__2019,Trilogy Rider Tournament,Jun 22-23 '19,"Lawrenceville, NJ",Men's 5-18,https://s3.amazonaws.com/connectsports-prod/pics/thumb-3259-43832.jpg,http://www.trilogylacrosse.com/tournaments/masters-rider-university,Tournament,5 - 18,spider,20190308
176,https://www.connectlax.com/event/trilogy_providence_tournament_2019,Trilogy Providence Tournament,Jul 13-14 '19,"Smithfield, RI",Men's 8-18,https://s3.amazonaws.com/connectsports-prod/pics/thumb-3263-43836.jpg,http://trilogylacrosse.com/events/boys-tournaments,Tournament,8 - 18,spider,20190308
177,https://www.connectlax.com/event/trilogy_great_lax_bay_classic_2019,Trilogy Great Lax Bay Classic,Jun 29-30 '19,"Saginaw, MI",Men's 8-18,https://s3.amazonaws.com/connectsports-prod/pics/thumb-3262-43835.jpg,https://trilogylacrosse.com/events/boys-tournaments,Tournament,8 - 18,spider,20190308
178,https://www.connectlax.com/event/warrior_summer_sizzle,Warrior Summer Sizzle,Jul 13-14 '19,"Bel Air, MD",Men's 8-18,https://s3.amazonaws.com/connectsports-prod/pics/thumb-3332-43916.jpg,http://www.alohatournaments.com,Tournament,8 - 18,spider,20190308
179,https://www.connectlax.com/event/young_guns_2019,Young Guns,Jul 6-7 '19,"Bel Air, MD",Men's 8-18,https://s3.amazonaws.com/connectsports-prod/pics/thumb-3020-43489.jpg,https://crabslax.com/Tournaments.aspx,Tournament,8 - 18,spider,20190308
180,https://www.connectlax.com/event/warrior_lava_lax,Warrior Lava Lax,Jun 8-9 '19,"Timonium, MD",Men's 13-18,https://s3.amazonaws.com/connectsports-prod/pics/thumb-3327-43913.jpg,http://www.alohatournaments.com,Tournament,13 - 18,spider,20190308
181,https://www.connectlax.com/event/warrior_spring_fever,Warrior Spring Fever,May 18-19 '19,"Lawrenceville, GA",Men's 8-18,https://s3.amazonaws.com/connectsports-prod/pics/thumb--43912.jpg,http://www.alohatournaments.com,Tournament,8 - 18,spider,20190308
182,https://www.connectlax.com/event/western_prime_girls,Western Prime Girls,Jun 14-16 '19,"Frisco, TX",Women's 13-18,https://s3.amazonaws.com/connectsports-prod/pics/thumb-2976-43411.jpg,https://www.adrln.com/shop/events/?event_category=events/,Tournament,13 - 18,spider,20190308
183,https://www.connectlax.com/event/womens_national_tournament_2019,Womens National Tournament,May 25-26 '19,"Bel Air, MD",Women's 13-18,https://s3.amazonaws.com/connectsports-prod/pics/thumb-3161-43721.jpg,https://www.uslacrosse.org/events,Tournament,13 - 18,spider,20190308
184,https://www.connectlax.com/event/warrior_long_island_classic_and_clinic,Warrior Long Island Classic and Clinic,Jul 13-14 '19,"Hempstead, NY",Men's 13-18,https://s3.amazonaws.com/connectsports-prod/college_pics/thumb-125.jpg,http://www.blueandgoldlacrossecamps.com/events.php?event=10,Tournament,13 - 18,spider,20190308
185,https://www.connectlax.com/event/western_prime_boys,Western Prime Boys,Jun 14-16 '19,"Frisco, TX",Men's 13-18,https://s3.amazonaws.com/connectsports-prod/pics/thumb-1781-28088.jpg,https://www.adrln.com/shop/events/?event_category=events/,Tournament,13 - 18,spider,20190308
186,https://www.connectlax.com/event/warrior_big_kahuna,Warrior Big Kahuna,Jul 19-21 '19,"Frankford, DE",Men's 8-18,https://s3.amazonaws.com/connectsports-prod/pics/thumb-3333-43917.jpg,http://www.alohatournaments.com/,Tournament,8 - 18,spider,20190308
